test,standard,from,to,score
Dash - 40 yd,1,12.001,15,0
Dash - 40 yd,1,11.864,12,10
Dash - 40 yd,1,11.783,11.863,20
Dash - 40 yd,1,11.702,11.782,30
Dash - 40 yd,1,11.621,11.701,40
Dash - 40 yd,1,11.54,11.62,50
Dash - 40 yd,1,11.459,11.539,60
Dash - 40 yd,1,11.378,11.458,70
Dash - 40 yd,1,11.297,11.377,80
Dash - 40 yd,1,11.216,11.296,90
Dash - 40 yd,1,11.135,11.215,100
Dash - 40 yd,1,11.054,11.134,110
Dash - 40 yd,1,10.973,11.053,120
Dash - 40 yd,1,10.892,10.972,130
Dash - 40 yd,1,10.811,10.891,140
Dash - 40 yd,1,10.73,10.81,150
Dash - 40 yd,1,10.649,10.729,160
Dash - 40 yd,1,10.568,10.648,170
Dash - 40 yd,1,10.487,10.567,180
Dash - 40 yd,1,10.406,10.486,190
Dash - 40 yd,1,10.325,10.405,200
Dash - 40 yd,1,10.244,10.324,210
Dash - 40 yd,1,10.163,10.243,220
Dash - 40 yd,1,10.082,10.162,230
Dash - 40 yd,1,10.001,10.081,240
Dash - 40 yd,1,9.925,10,250
Dash - 40 yd,1,9.824,9.924,260
Dash - 40 yd,1,9.723,9.823,270
Dash - 40 yd,1,9.622,9.722,280
Dash - 40 yd,1,9.521,9.621,290
Dash - 40 yd,1,9.42,9.52,300
Dash - 40 yd,1,9.319,9.419,310
Dash - 40 yd,1,9.218,9.318,320
Dash - 40 yd,1,9.117,9.217,330
Dash - 40 yd,1,9.016,9.116,340
Dash - 40 yd,1,8.915,9.015,350
Dash - 40 yd,1,8.814,8.914,360
Dash - 40 yd,1,8.713,8.813,370
Dash - 40 yd,1,8.612,8.712,380
Dash - 40 yd,1,8.511,8.611,390
Dash - 40 yd,1,8.41,8.51,400
Dash - 40 yd,1,8.309,8.409,410
Dash - 40 yd,1,8.208,8.308,420
Dash - 40 yd,1,8.107,8.207,430
Dash - 40 yd,1,8.006,8.106,440
Dash - 40 yd,1,7.905,8.005,450
Dash - 40 yd,1,7.804,7.904,460
Dash - 40 yd,1,7.703,7.803,470
Dash - 40 yd,1,7.602,7.702,480
Dash - 40 yd,1,7.501,7.601,490
Dash - 40 yd,1,7.465,7.5,500
Dash - 40 yd,1,7.404,7.464,510
Dash - 40 yd,1,7.343,7.403,520
Dash - 40 yd,1,7.282,7.342,530
Dash - 40 yd,1,7.221,7.281,540
Dash - 40 yd,1,7.16,7.22,550
Dash - 40 yd,1,7.099,7.159,560
Dash - 40 yd,1,7.038,7.098,570
Dash - 40 yd,1,6.977,7.037,580
Dash - 40 yd,1,6.916,6.976,590
Dash - 40 yd,1,6.855,6.915,600
Dash - 40 yd,1,6.794,6.854,610
Dash - 40 yd,1,6.733,6.793,620
Dash - 40 yd,1,6.672,6.732,630
Dash - 40 yd,1,6.611,6.671,640
Dash - 40 yd,1,6.55,6.61,650
Dash - 40 yd,1,6.489,6.549,660
Dash - 40 yd,1,6.428,6.488,670
Dash - 40 yd,1,6.367,6.427,680
Dash - 40 yd,1,6.306,6.366,690
Dash - 40 yd,1,6.245,6.305,700
Dash - 40 yd,1,6.184,6.244,710
Dash - 40 yd,1,6.123,6.183,720
Dash - 40 yd,1,6.062,6.122,730
Dash - 40 yd,1,6.001,6.061,740
Dash - 40 yd,1,5.948,6,750
Dash - 40 yd,1,5.881,5.947,760
Dash - 40 yd,1,5.813,5.88,770
Dash - 40 yd,1,5.745,5.812,780
Dash - 40 yd,1,5.678,5.744,790
Dash - 40 yd,1,5.61,5.677,800
Dash - 40 yd,1,5.542,5.609,810
Dash - 40 yd,1,5.475,5.541,820
Dash - 40 yd,1,5.407,5.474,830
Dash - 40 yd,1,5.339,5.406,840
Dash - 40 yd,1,5.272,5.338,850
Dash - 40 yd,1,5.204,5.271,860
Dash - 40 yd,1,5.136,5.203,870
Dash - 40 yd,1,5.069,5.135,880
Dash - 40 yd,1,5.001,5.068,890
Dash - 40 yd,1,4.925,5,900
Dash - 40 yd,1,4.844,4.924,910
Dash - 40 yd,1,4.763,4.843,920
Dash - 40 yd,1,4.682,4.762,930
Dash - 40 yd,1,4.601,4.681,940
Dash - 40 yd,1,4.533,4.6,950
Dash - 40 yd,1,4.46,4.532,960
Dash - 40 yd,1,4.387,4.459,970
Dash - 40 yd,1,4.314,4.386,980
Dash - 40 yd,1,4.241,4.313,990
Dash - 40 yd,1,3.5,4.24,1000
Standing Broad Jump,1,0.304,0,0
Standing Broad Jump,1,0.328,0.305,10
Standing Broad Jump,1,0.353,0.329,20
Standing Broad Jump,1,0.377,0.354,30
Standing Broad Jump,1,0.401,0.378,40
Standing Broad Jump,1,0.426,0.402,50
Standing Broad Jump,1,0.45,0.427,60
Standing Broad Jump,1,0.474,0.451,70
Standing Broad Jump,1,0.499,0.475,80
Standing Broad Jump,1,0.523,0.5,90
Standing Broad Jump,1,0.548,0.524,100
Standing Broad Jump,1,0.572,0.549,110
Standing Broad Jump,1,0.596,0.573,120
Standing Broad Jump,1,0.621,0.597,130
Standing Broad Jump,1,0.645,0.622,140
Standing Broad Jump,1,0.67,0.646,150
Standing Broad Jump,1,0.694,0.671,160
Standing Broad Jump,1,0.718,0.695,170
Standing Broad Jump,1,0.743,0.719,180
Standing Broad Jump,1,0.767,0.744,190
Standing Broad Jump,1,0.791,0.768,200
Standing Broad Jump,1,0.816,0.792,210
Standing Broad Jump,1,0.84,0.817,220
Standing Broad Jump,1,0.865,0.841,230
Standing Broad Jump,1,0.913,0.866,240
Standing Broad Jump,1,0.95,0.914,250
Standing Broad Jump,1,0.987,0.951,260
Standing Broad Jump,1,1.023,0.988,270
Standing Broad Jump,1,1.06,1.024,280
Standing Broad Jump,1,1.096,1.061,290
Standing Broad Jump,1,1.133,1.097,300
Standing Broad Jump,1,1.169,1.134,310
Standing Broad Jump,1,1.206,1.17,320
Standing Broad Jump,1,1.243,1.207,330
Standing Broad Jump,1,1.279,1.244,340
Standing Broad Jump,1,1.316,1.28,350
Standing Broad Jump,1,1.352,1.317,360
Standing Broad Jump,1,1.389,1.353,370
Standing Broad Jump,1,1.425,1.39,380
Standing Broad Jump,1,1.462,1.426,390
Standing Broad Jump,1,1.499,1.463,400
Standing Broad Jump,1,1.535,1.5,410
Standing Broad Jump,1,1.572,1.536,420
Standing Broad Jump,1,1.608,1.573,430
Standing Broad Jump,1,1.645,1.609,440
Standing Broad Jump,1,1.681,1.646,450
Standing Broad Jump,1,1.718,1.682,460
Standing Broad Jump,1,1.755,1.719,470
Standing Broad Jump,1,1.791,1.756,480
Standing Broad Jump,1,1.828,1.792,490
Standing Broad Jump,1,1.844,1.829,500
Standing Broad Jump,1,1.861,1.845,510
Standing Broad Jump,1,1.877,1.862,520
Standing Broad Jump,1,1.894,1.878,530
Standing Broad Jump,1,1.91,1.895,540
Standing Broad Jump,1,1.927,1.911,550
Standing Broad Jump,1,1.943,1.928,560
Standing Broad Jump,1,1.96,1.944,570
Standing Broad Jump,1,1.976,1.961,580
Standing Broad Jump,1,1.993,1.977,590
Standing Broad Jump,1,2.009,1.994,600
Standing Broad Jump,1,2.026,2.01,610
Standing Broad Jump,1,2.042,2.027,620
Standing Broad Jump,1,2.059,2.043,630
Standing Broad Jump,1,2.075,2.06,640
Standing Broad Jump,1,2.092,2.076,650
Standing Broad Jump,1,2.108,2.093,660
Standing Broad Jump,1,2.125,2.109,670
Standing Broad Jump,1,2.141,2.126,680
Standing Broad Jump,1,2.158,2.142,690
Standing Broad Jump,1,2.175,2.159,700
Standing Broad Jump,1,2.191,2.176,710
Standing Broad Jump,1,2.208,2.192,720
Standing Broad Jump,1,2.224,2.209,730
Standing Broad Jump,1,2.241,2.225,740
Standing Broad Jump,1,2.257,2.242,750
Standing Broad Jump,1,2.274,2.258,760
Standing Broad Jump,1,2.29,2.275,770
Standing Broad Jump,1,2.307,2.291,780
Standing Broad Jump,1,2.323,2.308,790
Standing Broad Jump,1,2.34,2.324,800
Standing Broad Jump,1,2.356,2.341,810
Standing Broad Jump,1,2.373,2.357,820
Standing Broad Jump,1,2.389,2.374,830
Standing Broad Jump,1,2.406,2.39,840
Standing Broad Jump,1,2.422,2.407,850
Standing Broad Jump,1,2.439,2.423,860
Standing Broad Jump,1,2.455,2.44,870
Standing Broad Jump,1,2.472,2.456,880
Standing Broad Jump,1,2.488,2.473,890
Standing Broad Jump,1,2.59,2.489,900
Standing Broad Jump,1,2.691,2.591,910
Standing Broad Jump,1,2.793,2.692,920
Standing Broad Jump,1,2.895,2.794,930
Standing Broad Jump,1,2.996,2.896,940
Standing Broad Jump,1,3.098,2.997,950
Standing Broad Jump,1,3.199,3.099,960
Standing Broad Jump,1,3.301,3.2,970
Standing Broad Jump,1,3.403,3.302,980
Standing Broad Jump,1,3.504,3.404,990
Standing Broad Jump,1,3.81,3.505,1000
Shuttle Run - 60 yd,1,24.001,100,0
Shuttle Run - 60 yd,1,23.76,24,10
Shuttle Run - 60 yd,1,23.52,23.759,20
Shuttle Run - 60 yd,1,23.28,23.519,30
Shuttle Run - 60 yd,1,23.04,23.279,40
Shuttle Run - 60 yd,1,22.8,23.039,50
Shuttle Run - 60 yd,1,22.56,22.799,60
Shuttle Run - 60 yd,1,22.32,22.559,70
Shuttle Run - 60 yd,1,22.08,22.319,80
Shuttle Run - 60 yd,1,21.84,22.079,90
Shuttle Run - 60 yd,1,21.6,21.839,100
Shuttle Run - 60 yd,1,21.36,21.599,110
Shuttle Run - 60 yd,1,21.12,21.359,120
Shuttle Run - 60 yd,1,20.88,21.119,130
Shuttle Run - 60 yd,1,20.64,20.879,140
Shuttle Run - 60 yd,1,20.4,20.639,150
Shuttle Run - 60 yd,1,20.16,20.399,160
Shuttle Run - 60 yd,1,19.92,20.159,170
Shuttle Run - 60 yd,1,19.68,19.919,180
Shuttle Run - 60 yd,1,19.44,19.679,190
Shuttle Run - 60 yd,1,19.2,19.439,200
Shuttle Run - 60 yd,1,18.96,19.199,210
Shuttle Run - 60 yd,1,18.72,18.959,220
Shuttle Run - 60 yd,1,18.48,18.719,230
Shuttle Run - 60 yd,1,18.24,18.479,240
Shuttle Run - 60 yd,1,18,18.239,250
Shuttle Run - 60 yd,1,17.92,17.999,260
Shuttle Run - 60 yd,1,17.84,17.919,270
Shuttle Run - 60 yd,1,17.76,17.839,280
Shuttle Run - 60 yd,1,17.68,17.759,290
Shuttle Run - 60 yd,1,17.6,17.679,300
Shuttle Run - 60 yd,1,17.52,17.599,310
Shuttle Run - 60 yd,1,17.44,17.519,320
Shuttle Run - 60 yd,1,17.36,17.439,330
Shuttle Run - 60 yd,1,17.28,17.359,340
Shuttle Run - 60 yd,1,17.2,17.279,350
Shuttle Run - 60 yd,1,17.12,17.199,360
Shuttle Run - 60 yd,1,17.04,17.119,370
Shuttle Run - 60 yd,1,16.96,17.039,380
Shuttle Run - 60 yd,1,16.88,16.959,390
Shuttle Run - 60 yd,1,16.8,16.879,400
Shuttle Run - 60 yd,1,16.72,16.799,410
Shuttle Run - 60 yd,1,16.64,16.719,420
Shuttle Run - 60 yd,1,16.56,16.639,430
Shuttle Run - 60 yd,1,16.48,16.559,440
Shuttle Run - 60 yd,1,16.4,16.479,450
Shuttle Run - 60 yd,1,16.32,16.399,460
Shuttle Run - 60 yd,1,16.24,16.319,470
Shuttle Run - 60 yd,1,16.16,16.239,480
Shuttle Run - 60 yd,1,16.08,16.159,490
Shuttle Run - 60 yd,1,16,16.079,500
Shuttle Run - 60 yd,1,15.93,15.999,510
Shuttle Run - 60 yd,1,15.86,15.929,520
Shuttle Run - 60 yd,1,15.79,15.859,530
Shuttle Run - 60 yd,1,15.72,15.789,540
Shuttle Run - 60 yd,1,15.65,15.719,550
Shuttle Run - 60 yd,1,15.58,15.649,560
Shuttle Run - 60 yd,1,15.51,15.579,570
Shuttle Run - 60 yd,1,15.44,15.509,580
Shuttle Run - 60 yd,1,15.37,15.439,590
Shuttle Run - 60 yd,1,15.3,15.369,600
Shuttle Run - 60 yd,1,15.23,15.299,610
Shuttle Run - 60 yd,1,15.16,15.229,620
Shuttle Run - 60 yd,1,15.09,15.159,630
Shuttle Run - 60 yd,1,15.02,15.089,640
Shuttle Run - 60 yd,1,14.95,15.019,650
Shuttle Run - 60 yd,1,14.88,14.949,660
Shuttle Run - 60 yd,1,14.81,14.879,670
Shuttle Run - 60 yd,1,14.74,14.809,680
Shuttle Run - 60 yd,1,14.67,14.739,690
Shuttle Run - 60 yd,1,14.6,14.669,700
Shuttle Run - 60 yd,1,14.53,14.599,710
Shuttle Run - 60 yd,1,14.46,14.529,720
Shuttle Run - 60 yd,1,14.39,14.459,730
Shuttle Run - 60 yd,1,14.32,14.389,740
Shuttle Run - 60 yd,1,14.25,14.319,750
Shuttle Run - 60 yd,1,14.167,14.249,760
Shuttle Run - 60 yd,1,14.083,14.166,770
Shuttle Run - 60 yd,1,14,14.082,780
Shuttle Run - 60 yd,1,13.917,13.999,790
Shuttle Run - 60 yd,1,13.833,13.916,800
Shuttle Run - 60 yd,1,13.75,13.832,810
Shuttle Run - 60 yd,1,13.667,13.749,820
Shuttle Run - 60 yd,1,13.583,13.666,830
Shuttle Run - 60 yd,1,13.5,13.582,840
Shuttle Run - 60 yd,1,13.417,13.499,850
Shuttle Run - 60 yd,1,13.333,13.416,860
Shuttle Run - 60 yd,1,13.25,13.332,870
Shuttle Run - 60 yd,1,13.167,13.249,880
Shuttle Run - 60 yd,1,13.083,13.166,890
Shuttle Run - 60 yd,1,13,13.082,900
Shuttle Run - 60 yd,1,12.8,12.999,910
Shuttle Run - 60 yd,1,12.6,12.799,920
Shuttle Run - 60 yd,1,12.4,12.599,930
Shuttle Run - 60 yd,1,12.2,12.399,940
Shuttle Run - 60 yd,1,12,12.199,950
Shuttle Run - 60 yd,1,11.501,11.999,960
Shuttle Run - 60 yd,1,11.251,11.5,970
Shuttle Run - 60 yd,1,11.001,11.25,980
Shuttle Run - 60 yd,1,10.751,11,990
Shuttle Run - 60 yd,1,0,10.75,1000
Bench Press - 1 Rep Max,1,20.411,0,0
Bench Press - 1 Rep Max,1,21.318,20.412,10
Bench Press - 1 Rep Max,1,22.225,21.319,20
Bench Press - 1 Rep Max,1,23.133,22.226,30
Bench Press - 1 Rep Max,1,24.04,23.134,40
Bench Press - 1 Rep Max,1,24.947,24.041,50
Bench Press - 1 Rep Max,1,25.854,24.948,60
Bench Press - 1 Rep Max,1,26.761,25.855,70
Bench Press - 1 Rep Max,1,27.669,26.762,80
Bench Press - 1 Rep Max,1,28.576,27.67,90
Bench Press - 1 Rep Max,1,29.483,28.577,100
Bench Press - 1 Rep Max,1,30.39,29.484,110
Bench Press - 1 Rep Max,1,31.297,30.391,120
Bench Press - 1 Rep Max,1,32.205,31.298,130
Bench Press - 1 Rep Max,1,33.112,32.206,140
Bench Press - 1 Rep Max,1,34.019,33.113,150
Bench Press - 1 Rep Max,1,34.926,34.02,160
Bench Press - 1 Rep Max,1,35.833,34.927,170
Bench Press - 1 Rep Max,1,36.741,35.834,180
Bench Press - 1 Rep Max,1,37.648,36.742,190
Bench Press - 1 Rep Max,1,38.555,37.649,200
Bench Press - 1 Rep Max,1,39.462,38.556,210
Bench Press - 1 Rep Max,1,40.369,39.463,220
Bench Press - 1 Rep Max,1,41.277,40.37,230
Bench Press - 1 Rep Max,1,43.091,41.278,240
Bench Press - 1 Rep Max,1,43.817,43.092,250
Bench Press - 1 Rep Max,1,44.543,43.818,260
Bench Press - 1 Rep Max,1,45.268,44.544,270
Bench Press - 1 Rep Max,1,45.994,45.269,280
Bench Press - 1 Rep Max,1,46.72,45.995,290
Bench Press - 1 Rep Max,1,47.446,46.721,300
Bench Press - 1 Rep Max,1,48.171,47.447,310
Bench Press - 1 Rep Max,1,48.897,48.172,320
Bench Press - 1 Rep Max,1,49.623,48.898,330
Bench Press - 1 Rep Max,1,50.349,49.624,340
Bench Press - 1 Rep Max,1,51.074,50.35,350
Bench Press - 1 Rep Max,1,51.8,51.075,360
Bench Press - 1 Rep Max,1,52.526,51.801,370
Bench Press - 1 Rep Max,1,53.252,52.527,380
Bench Press - 1 Rep Max,1,53.977,53.253,390
Bench Press - 1 Rep Max,1,54.703,53.978,400
Bench Press - 1 Rep Max,1,55.429,54.704,410
Bench Press - 1 Rep Max,1,56.155,55.43,420
Bench Press - 1 Rep Max,1,56.88,56.156,430
Bench Press - 1 Rep Max,1,57.606,56.881,440
Bench Press - 1 Rep Max,1,58.332,57.607,450
Bench Press - 1 Rep Max,1,59.058,58.333,460
Bench Press - 1 Rep Max,1,59.783,59.059,470
Bench Press - 1 Rep Max,1,60.509,59.784,480
Bench Press - 1 Rep Max,1,61.235,60.51,490
Bench Press - 1 Rep Max,1,62.505,61.236,500
Bench Press - 1 Rep Max,1,63.775,62.506,510
Bench Press - 1 Rep Max,1,65.045,63.776,520
Bench Press - 1 Rep Max,1,66.315,65.046,530
Bench Press - 1 Rep Max,1,67.585,66.316,540
Bench Press - 1 Rep Max,1,68.855,67.586,550
Bench Press - 1 Rep Max,1,70.126,68.856,560
Bench Press - 1 Rep Max,1,71.396,70.127,570
Bench Press - 1 Rep Max,1,72.666,71.397,580
Bench Press - 1 Rep Max,1,73.936,72.667,590
Bench Press - 1 Rep Max,1,75.206,73.937,600
Bench Press - 1 Rep Max,1,76.476,75.207,610
Bench Press - 1 Rep Max,1,77.746,76.477,620
Bench Press - 1 Rep Max,1,79.016,77.747,630
Bench Press - 1 Rep Max,1,80.286,79.017,640
Bench Press - 1 Rep Max,1,81.556,80.287,650
Bench Press - 1 Rep Max,1,82.826,81.557,660
Bench Press - 1 Rep Max,1,84.096,82.827,670
Bench Press - 1 Rep Max,1,85.367,84.097,680
Bench Press - 1 Rep Max,1,86.637,85.368,690
Bench Press - 1 Rep Max,1,87.907,86.638,700
Bench Press - 1 Rep Max,1,89.177,87.908,710
Bench Press - 1 Rep Max,1,90.447,89.178,720
Bench Press - 1 Rep Max,1,91.717,90.448,730
Bench Press - 1 Rep Max,1,92.987,91.718,740
Bench Press - 1 Rep Max,1,95.104,92.988,750
Bench Press - 1 Rep Max,1,97.221,95.105,760
Bench Press - 1 Rep Max,1,99.337,97.222,770
Bench Press - 1 Rep Max,1,101.454,99.338,780
Bench Press - 1 Rep Max,1,103.571,101.455,790
Bench Press - 1 Rep Max,1,105.688,103.572,800
Bench Press - 1 Rep Max,1,107.805,105.689,810
Bench Press - 1 Rep Max,1,109.921,107.806,820
Bench Press - 1 Rep Max,1,112.038,109.922,830
Bench Press - 1 Rep Max,1,114.155,112.039,840
Bench Press - 1 Rep Max,1,116.272,114.156,850
Bench Press - 1 Rep Max,1,118.389,116.273,860
Bench Press - 1 Rep Max,1,120.505,118.39,870
Bench Press - 1 Rep Max,1,122.622,120.506,880
Bench Press - 1 Rep Max,1,124.739,122.623,890
Bench Press - 1 Rep Max,1,132.904,124.74,900
Bench Press - 1 Rep Max,1,141.069,132.905,910
Bench Press - 1 Rep Max,1,149.233,141.07,920
Bench Press - 1 Rep Max,1,157.398,149.234,930
Bench Press - 1 Rep Max,1,165.563,157.399,940
Bench Press - 1 Rep Max,1,186.429,165.564,950
Bench Press - 1 Rep Max,1,207.294,186.43,960
Bench Press - 1 Rep Max,1,228.16,207.295,970
Bench Press - 1 Rep Max,1,249.025,228.161,980
Bench Press - 1 Rep Max,1,269.891,249.026,990
Bench Press - 1 Rep Max,1,294.84,269.892,1000
Pull Ups - Max Reps,1,0,0,0
Pull Ups - Max Reps,1,1,1,250
Pull Ups - Max Reps,1,2,2,313
Pull Ups - Max Reps,1,3,3,375
Pull Ups - Max Reps,1,4,4,438
Pull Ups - Max Reps,1,5,5,500
Pull Ups - Max Reps,1,6,6,550
Pull Ups - Max Reps,1,7,7,600
Pull Ups - Max Reps,1,8,8,650
Pull Ups - Max Reps,1,9,9,700
Pull Ups - Max Reps,1,10,10,750
Pull Ups - Max Reps,1,11,11,765
Pull Ups - Max Reps,1,12,12,780
Pull Ups - Max Reps,1,13,13,795
Pull Ups - Max Reps,1,14,14,810
Pull Ups - Max Reps,1,15,15,825
Pull Ups - Max Reps,1,17,17,840
Pull Ups - Max Reps,1,17,17,855
Pull Ups - Max Reps,1,18,18,870
Pull Ups - Max Reps,1,19,19,885
Pull Ups - Max Reps,1,20,20,900
Pull Ups - Max Reps,1,21,21,905
Pull Ups - Max Reps,1,22,22,910
Pull Ups - Max Reps,1,23,23,915
Pull Ups - Max Reps,1,24,24,920
Pull Ups - Max Reps,1,25,25,925
Pull Ups - Max Reps,1,26,26,930
Pull Ups - Max Reps,1,27,27,935
Pull Ups - Max Reps,1,28,28,940
Pull Ups - Max Reps,1,29,29,945
Pull Ups - Max Reps,1,30,30,950
Pull Ups - Max Reps,1,31,31,955
Pull Ups - Max Reps,1,32,32,960
Pull Ups - Max Reps,1,33,33,965
Pull Ups - Max Reps,1,34,34,970
Pull Ups - Max Reps,1,35,35,975
Pull Ups - Max Reps,1,36,36,980
Pull Ups - Max Reps,1,37,37,985
Pull Ups - Max Reps,1,38,38,990
Pull Ups - Max Reps,1,39,39,995
Pull Ups - Max Reps,1,100,40,1000
Sprint - 400 m,1,150.001,240,0
Sprint - 400 m,1,149,150,10
Sprint - 400 m,1,148,148.999,20
Sprint - 400 m,1,147,147.999,30
Sprint - 400 m,1,146,146.999,40
Sprint - 400 m,1,145,145.999,50
Sprint - 400 m,1,144,144.999,60
Sprint - 400 m,1,143,143.999,70
Sprint - 400 m,1,142,142.999,80
Sprint - 400 m,1,141,141.999,90
Sprint - 400 m,1,140,140.999,100
Sprint - 400 m,1,139,139.999,110
Sprint - 400 m,1,138,138.999,120
Sprint - 400 m,1,137,137.999,130
Sprint - 400 m,1,136,136.999,140
Sprint - 400 m,1,135,135.999,150
Sprint - 400 m,1,134,134.999,160
Sprint - 400 m,1,133,133.999,170
Sprint - 400 m,1,132,132.999,180
Sprint - 400 m,1,131,131.999,190
Sprint - 400 m,1,130,130.999,200
Sprint - 400 m,1,129,129.999,210
Sprint - 400 m,1,128,128.999,220
Sprint - 400 m,1,127,127.999,230
Sprint - 400 m,1,126,126.999,240
Sprint - 400 m,1,125,125.999,250
Sprint - 400 m,1,124,124.999,260
Sprint - 400 m,1,123,123.999,270
Sprint - 400 m,1,122,122.999,280
Sprint - 400 m,1,121,121.999,290
Sprint - 400 m,1,120,120.999,300
Sprint - 400 m,1,119,119.999,310
Sprint - 400 m,1,118,118.999,320
Sprint - 400 m,1,117,117.999,330
Sprint - 400 m,1,116,116.999,340
Sprint - 400 m,1,115,115.999,350
Sprint - 400 m,1,114,114.999,360
Sprint - 400 m,1,113,113.999,370
Sprint - 400 m,1,112,112.999,380
Sprint - 400 m,1,111,111.999,390
Sprint - 400 m,1,110,110.999,400
Sprint - 400 m,1,109,109.999,410
Sprint - 400 m,1,108,108.999,420
Sprint - 400 m,1,107,107.999,430
Sprint - 400 m,1,106,106.999,440
Sprint - 400 m,1,105,105.999,450
Sprint - 400 m,1,104,104.999,460
Sprint - 400 m,1,103,103.999,470
Sprint - 400 m,1,102,102.999,480
Sprint - 400 m,1,101,101.999,490
Sprint - 400 m,1,100,100.999,500
Sprint - 400 m,1,99,99.999,510
Sprint - 400 m,1,98,98.999,520
Sprint - 400 m,1,97,97.999,530
Sprint - 400 m,1,96,96.999,540
Sprint - 400 m,1,95,95.999,550
Sprint - 400 m,1,94,94.999,560
Sprint - 400 m,1,93,93.999,570
Sprint - 400 m,1,92,92.999,580
Sprint - 400 m,1,91,91.999,590
Sprint - 400 m,1,90,90.999,600
Sprint - 400 m,1,89,89.999,610
Sprint - 400 m,1,88,88.999,620
Sprint - 400 m,1,87,87.999,630
Sprint - 400 m,1,86,86.999,640
Sprint - 400 m,1,85,85.999,650
Sprint - 400 m,1,84,84.999,660
Sprint - 400 m,1,83,83.999,670
Sprint - 400 m,1,82,82.999,680
Sprint - 400 m,1,81,81.999,690
Sprint - 400 m,1,80,80.999,700
Sprint - 400 m,1,79,79.999,710
Sprint - 400 m,1,78,78.999,720
Sprint - 400 m,1,77,77.999,730
Sprint - 400 m,1,76,76.999,740
Sprint - 400 m,1,75,75.999,750
Sprint - 400 m,1,74,74.999,760
Sprint - 400 m,1,73,73.999,770
Sprint - 400 m,1,72,72.999,780
Sprint - 400 m,1,71,71.999,790
Sprint - 400 m,1,70,70.999,800
Sprint - 400 m,1,69,69.999,810
Sprint - 400 m,1,68,68.999,820
Sprint - 400 m,1,67,67.999,830
Sprint - 400 m,1,66,66.999,840
Sprint - 400 m,1,65,65.999,850
Sprint - 400 m,1,64,64.999,860
Sprint - 400 m,1,63,63.999,870
Sprint - 400 m,1,62,62.999,880
Sprint - 400 m,1,61,61.999,890
Sprint - 400 m,1,60,60.999,900
Sprint - 400 m,1,59,59.999,910
Sprint - 400 m,1,58,58.999,920
Sprint - 400 m,1,57,57.999,930
Sprint - 400 m,1,56,56.999,940
Sprint - 400 m,1,55,55.999,950
Sprint - 400 m,1,50.601,54.999,960
Sprint - 400 m,1,48.401,50.6,970
Sprint - 400 m,1,46.201,48.4,980
Sprint - 400 m,1,44.001,46.2,990
Sprint - 400 m,1,42,44,1000
Wall Sit Time,1,11.999,0,0
Wall Sit Time,1,12.75,12,10
Wall Sit Time,1,13.501,12.751,20
Wall Sit Time,1,14.252,13.502,30
Wall Sit Time,1,15.003,14.253,40
Wall Sit Time,1,15.754,15.004,50
Wall Sit Time,1,16.505,15.755,60
Wall Sit Time,1,17.256,16.506,70
Wall Sit Time,1,18.007,17.257,80
Wall Sit Time,1,18.758,18.008,90
Wall Sit Time,1,19.509,18.759,100
Wall Sit Time,1,20.26,19.51,110
Wall Sit Time,1,21.012,20.261,120
Wall Sit Time,1,21.763,21.013,130
Wall Sit Time,1,22.514,21.764,140
Wall Sit Time,1,23.265,22.515,150
Wall Sit Time,1,24.016,23.266,160
Wall Sit Time,1,24.767,24.017,170
Wall Sit Time,1,25.518,24.768,180
Wall Sit Time,1,26.269,25.519,190
Wall Sit Time,1,27.02,26.27,200
Wall Sit Time,1,27.771,27.021,210
Wall Sit Time,1,28.522,27.772,220
Wall Sit Time,1,29.273,28.523,230
Wall Sit Time,1,29.999,29.274,240
Wall Sit Time,1,32.4,30,250
Wall Sit Time,1,34.801,32.401,260
Wall Sit Time,1,37.202,34.802,270
Wall Sit Time,1,39.603,37.203,280
Wall Sit Time,1,42.004,39.604,290
Wall Sit Time,1,44.405,42.005,300
Wall Sit Time,1,46.806,44.406,310
Wall Sit Time,1,49.207,46.807,320
Wall Sit Time,1,51.608,49.208,330
Wall Sit Time,1,54.009,51.609,340
Wall Sit Time,1,56.41,54.01,350
Wall Sit Time,1,58.811,56.411,360
Wall Sit Time,1,61.213,58.812,370
Wall Sit Time,1,63.614,61.214,380
Wall Sit Time,1,66.015,63.615,390
Wall Sit Time,1,68.416,66.016,400
Wall Sit Time,1,70.817,68.417,410
Wall Sit Time,1,73.218,70.818,420
Wall Sit Time,1,75.619,73.219,430
Wall Sit Time,1,78.02,75.62,440
Wall Sit Time,1,80.421,78.021,450
Wall Sit Time,1,82.822,80.422,460
Wall Sit Time,1,85.223,82.823,470
Wall Sit Time,1,87.624,85.224,480
Wall Sit Time,1,89.999,87.625,490
Wall Sit Time,1,91.2,90,500
Wall Sit Time,1,92.401,91.201,510
Wall Sit Time,1,93.602,92.402,520
Wall Sit Time,1,94.803,93.603,530
Wall Sit Time,1,96.004,94.804,540
Wall Sit Time,1,97.205,96.005,550
Wall Sit Time,1,98.406,97.206,560
Wall Sit Time,1,99.607,98.407,570
Wall Sit Time,1,100.808,99.608,580
Wall Sit Time,1,102.009,100.809,590
Wall Sit Time,1,103.21,102.01,600
Wall Sit Time,1,104.411,103.211,610
Wall Sit Time,1,105.613,104.412,620
Wall Sit Time,1,106.814,105.614,630
Wall Sit Time,1,108.015,106.815,640
Wall Sit Time,1,109.216,108.016,650
Wall Sit Time,1,110.417,109.217,660
Wall Sit Time,1,111.618,110.418,670
Wall Sit Time,1,112.819,111.619,680
Wall Sit Time,1,114.02,112.82,690
Wall Sit Time,1,115.221,114.021,700
Wall Sit Time,1,116.422,115.222,710
Wall Sit Time,1,117.623,116.423,720
Wall Sit Time,1,118.824,117.624,730
Wall Sit Time,1,119.999,118.825,740
Wall Sit Time,1,128,120,750
Wall Sit Time,1,136.001,128.001,760
Wall Sit Time,1,144.002,136.002,770
Wall Sit Time,1,152.003,144.003,780
Wall Sit Time,1,160.004,152.004,790
Wall Sit Time,1,168.005,160.005,800
Wall Sit Time,1,176.006,168.006,810
Wall Sit Time,1,184.008,176.007,820
Wall Sit Time,1,192.009,184.009,830
Wall Sit Time,1,200.01,192.01,840
Wall Sit Time,1,208.011,200.011,850
Wall Sit Time,1,216.012,208.012,860
Wall Sit Time,1,224.013,216.013,870
Wall Sit Time,1,232.014,224.014,880
Wall Sit Time,1,239.999,232.015,890
Wall Sit Time,1,252,240,900
Wall Sit Time,1,264.001,252.001,910
Wall Sit Time,1,276.003,264.002,920
Wall Sit Time,1,288.004,276.004,930
Wall Sit Time,1,299.999,288.005,940
Wall Sit Time,1,340,300,950
Wall Sit Time,1,380.002,340.001,960
Wall Sit Time,1,420.003,380.003,970
Wall Sit Time,1,460.005,420.004,980
Wall Sit Time,1,499.999,460.006,990
Wall Sit Time,1,1200,500,1000
Burpee - Max Reps - 2 mins,1,0,0,0
Burpee - Max Reps - 2 mins,1,1,1,10
Burpee - Max Reps - 2 mins,1,2,2,32
Burpee - Max Reps - 2 mins,1,3,3,54
Burpee - Max Reps - 2 mins,1,4,4,75
Burpee - Max Reps - 2 mins,1,5,5,97
Burpee - Max Reps - 2 mins,1,6,6,119
Burpee - Max Reps - 2 mins,1,7,7,141
Burpee - Max Reps - 2 mins,1,8,8,163
Burpee - Max Reps - 2 mins,1,9,9,185
Burpee - Max Reps - 2 mins,1,10,10,206
Burpee - Max Reps - 2 mins,1,11,11,228
Burpee - Max Reps - 2 mins,1,12,12,250
Burpee - Max Reps - 2 mins,1,13,13,271
Burpee - Max Reps - 2 mins,1,14,14,292
Burpee - Max Reps - 2 mins,1,15,15,313
Burpee - Max Reps - 2 mins,1,16,16,333
Burpee - Max Reps - 2 mins,1,17,17,354
Burpee - Max Reps - 2 mins,1,18,18,375
Burpee - Max Reps - 2 mins,1,19,19,396
Burpee - Max Reps - 2 mins,1,20,20,417
Burpee - Max Reps - 2 mins,1,21,21,438
Burpee - Max Reps - 2 mins,1,22,22,458
Burpee - Max Reps - 2 mins,1,23,23,479
Burpee - Max Reps - 2 mins,1,24,24,500
Burpee - Max Reps - 2 mins,1,25,25,521
Burpee - Max Reps - 2 mins,1,26,26,542
Burpee - Max Reps - 2 mins,1,27,27,563
Burpee - Max Reps - 2 mins,1,28,28,583
Burpee - Max Reps - 2 mins,1,29,29,604
Burpee - Max Reps - 2 mins,1,30,30,625
Burpee - Max Reps - 2 mins,1,31,31,646
Burpee - Max Reps - 2 mins,1,32,32,667
Burpee - Max Reps - 2 mins,1,33,33,688
Burpee - Max Reps - 2 mins,1,34,34,708
Burpee - Max Reps - 2 mins,1,35,35,729
Burpee - Max Reps - 2 mins,1,36,36,750
Burpee - Max Reps - 2 mins,1,37,37,756
Burpee - Max Reps - 2 mins,1,38,38,763
Burpee - Max Reps - 2 mins,1,39,39,769
Burpee - Max Reps - 2 mins,1,40,40,775
Burpee - Max Reps - 2 mins,1,41,41,781
Burpee - Max Reps - 2 mins,1,42,42,788
Burpee - Max Reps - 2 mins,1,43,43,794
Burpee - Max Reps - 2 mins,1,44,44,800
Burpee - Max Reps - 2 mins,1,45,45,806
Burpee - Max Reps - 2 mins,1,46,46,813
Burpee - Max Reps - 2 mins,1,47,47,819
Burpee - Max Reps - 2 mins,1,48,48,825
Burpee - Max Reps - 2 mins,1,49,49,831
Burpee - Max Reps - 2 mins,1,50,50,838
Burpee - Max Reps - 2 mins,1,51,51,844
Burpee - Max Reps - 2 mins,1,52,52,850
Burpee - Max Reps - 2 mins,1,53,53,856
Burpee - Max Reps - 2 mins,1,54,54,863
Burpee - Max Reps - 2 mins,1,55,55,869
Burpee - Max Reps - 2 mins,1,56,56,875
Burpee - Max Reps - 2 mins,1,57,57,881
Burpee - Max Reps - 2 mins,1,58,58,888
Burpee - Max Reps - 2 mins,1,59,59,894
Burpee - Max Reps - 2 mins,1,60,60,900
Burpee - Max Reps - 2 mins,1,61,61,903
Burpee - Max Reps - 2 mins,1,62,62,907
Burpee - Max Reps - 2 mins,1,63,63,910
Burpee - Max Reps - 2 mins,1,64,64,913
Burpee - Max Reps - 2 mins,1,65,65,917
Burpee - Max Reps - 2 mins,1,66,66,920
Burpee - Max Reps - 2 mins,1,67,67,923
Burpee - Max Reps - 2 mins,1,68,68,927
Burpee - Max Reps - 2 mins,1,69,69,930
Burpee - Max Reps - 2 mins,1,70,70,933
Burpee - Max Reps - 2 mins,1,71,71,937
Burpee - Max Reps - 2 mins,1,72,72,940
Burpee - Max Reps - 2 mins,1,73,73,943
Burpee - Max Reps - 2 mins,1,74,74,947
Burpee - Max Reps - 2 mins,1,75,75,950
Burpee - Max Reps - 2 mins,1,76,76,952
Burpee - Max Reps - 2 mins,1,77,77,954
Burpee - Max Reps - 2 mins,1,78,78,956
Burpee - Max Reps - 2 mins,1,79,79,958
Burpee - Max Reps - 2 mins,1,80,80,960
Burpee - Max Reps - 2 mins,1,81,81,962
Burpee - Max Reps - 2 mins,1,82,82,964
Burpee - Max Reps - 2 mins,1,83,83,966
Burpee - Max Reps - 2 mins,1,84,84,968
Burpee - Max Reps - 2 mins,1,85,85,970
Burpee - Max Reps - 2 mins,1,86,86,972
Burpee - Max Reps - 2 mins,1,87,87,974
Burpee - Max Reps - 2 mins,1,88,88,976
Burpee - Max Reps - 2 mins,1,89,89,978
Burpee - Max Reps - 2 mins,1,90,90,980
Burpee - Max Reps - 2 mins,1,91,91,982
Burpee - Max Reps - 2 mins,1,92,92,984
Burpee - Max Reps - 2 mins,1,93,93,986
Burpee - Max Reps - 2 mins,1,94,94,988
Burpee - Max Reps - 2 mins,1,95,95,990
Burpee - Max Reps - 2 mins,1,96,96,992
Burpee - Max Reps - 2 mins,1,97,97,994
Burpee - Max Reps - 2 mins,1,98,98,996
Burpee - Max Reps - 2 mins,1,99,99,998
Burpee - Max Reps - 2 mins,1,120,100,1000
Run - 5 K,1,2401,6000,0
Run - 5 K,1,2376,2400,10
Run - 5 K,1,2352,2375,20
Run - 5 K,1,2328,2351,30
Run - 5 K,1,2304,2327,40
Run - 5 K,1,2280,2303,50
Run - 5 K,1,2256,2279,60
Run - 5 K,1,2232,2255,70
Run - 5 K,1,2208,2231,80
Run - 5 K,1,2184,2207,90
Run - 5 K,1,2160,2183,100
Run - 5 K,1,2136,2159,110
Run - 5 K,1,2112,2135,120
Run - 5 K,1,2088,2111,130
Run - 5 K,1,2064,2087,140
Run - 5 K,1,2040,2063,150
Run - 5 K,1,2016,2039,160
Run - 5 K,1,1992,2015,170
Run - 5 K,1,1968,1991,180
Run - 5 K,1,1944,1967,190
Run - 5 K,1,1920,1943,200
Run - 5 K,1,1896,1919,210
Run - 5 K,1,1872,1895,220
Run - 5 K,1,1848,1871,230
Run - 5 K,1,1824,1847,240
Run - 5 K,1,1800,1823,250
Run - 5 K,1,1788,1799,260
Run - 5 K,1,1776,1787,270
Run - 5 K,1,1764,1775,280
Run - 5 K,1,1752,1763,290
Run - 5 K,1,1740,1751,300
Run - 5 K,1,1728,1739,310
Run - 5 K,1,1716,1727,320
Run - 5 K,1,1704,1715,330
Run - 5 K,1,1692,1703,340
Run - 5 K,1,1680,1691,350
Run - 5 K,1,1668,1679,360
Run - 5 K,1,1656,1667,370
Run - 5 K,1,1644,1655,380
Run - 5 K,1,1632,1643,390
Run - 5 K,1,1620,1631,400
Run - 5 K,1,1608,1619,410
Run - 5 K,1,1596,1607,420
Run - 5 K,1,1584,1595,430
Run - 5 K,1,1572,1583,440
Run - 5 K,1,1560,1571,450
Run - 5 K,1,1548,1559,460
Run - 5 K,1,1536,1547,470
Run - 5 K,1,1524,1535,480
Run - 5 K,1,1512,1523,490
Run - 5 K,1,1500,1511,500
Run - 5 K,1,1494,1499,510
Run - 5 K,1,1488,1493,520
Run - 5 K,1,1482,1487,530
Run - 5 K,1,1476,1481,540
Run - 5 K,1,1470,1475,550
Run - 5 K,1,1464,1469,560
Run - 5 K,1,1458,1463,570
Run - 5 K,1,1452,1457,580
Run - 5 K,1,1446,1451,590
Run - 5 K,1,1440,1445,600
Run - 5 K,1,1434,1439,610
Run - 5 K,1,1428,1433,620
Run - 5 K,1,1422,1427,630
Run - 5 K,1,1416,1421,640
Run - 5 K,1,1410,1415,650
Run - 5 K,1,1404,1409,660
Run - 5 K,1,1398,1403,670
Run - 5 K,1,1392,1397,680
Run - 5 K,1,1386,1391,690
Run - 5 K,1,1380,1385,700
Run - 5 K,1,1374,1379,710
Run - 5 K,1,1368,1373,720
Run - 5 K,1,1362,1367,730
Run - 5 K,1,1356,1361,740
Run - 5 K,1,1350,1355,750
Run - 5 K,1,1338,1349,760
Run - 5 K,1,1326,1337,770
Run - 5 K,1,1314,1325,780
Run - 5 K,1,1302,1313,790
Run - 5 K,1,1290,1301,800
Run - 5 K,1,1278,1289,810
Run - 5 K,1,1266,1277,820
Run - 5 K,1,1254,1265,830
Run - 5 K,1,1242,1253,840
Run - 5 K,1,1230,1241,850
Run - 5 K,1,1218,1229,860
Run - 5 K,1,1206,1217,870
Run - 5 K,1,1194,1205,880
Run - 5 K,1,1182,1193,890
Run - 5 K,1,1170,1181,900
Run - 5 K,1,1140,1169,910
Run - 5 K,1,1110,1139,920
Run - 5 K,1,1080,1109,930
Run - 5 K,1,1050,1079,940
Run - 5 K,1,1020,1049,950
Run - 5 K,1,925,1019,960
Run - 5 K,1,877,924,970
Run - 5 K,1,829,876,980
Run - 5 K,1,781,828,990
Run - 5 K,1,720,780,1000
Medicine Ball Throw,1,1.523,0,0
Medicine Ball Throw,1,1.608,1.524,10
Medicine Ball Throw,1,1.694,1.609,20
Medicine Ball Throw,1,1.779,1.695,30
Medicine Ball Throw,1,1.864,1.78,40
Medicine Ball Throw,1,1.95,1.865,50
Medicine Ball Throw,1,2.035,1.951,60
Medicine Ball Throw,1,2.12,2.036,70
Medicine Ball Throw,1,2.206,2.121,80
Medicine Ball Throw,1,2.291,2.207,90
Medicine Ball Throw,1,2.376,2.292,100
Medicine Ball Throw,1,2.462,2.377,110
Medicine Ball Throw,1,2.547,2.463,120
Medicine Ball Throw,1,2.632,2.548,130
Medicine Ball Throw,1,2.718,2.633,140
Medicine Ball Throw,1,2.803,2.719,150
Medicine Ball Throw,1,2.889,2.804,160
Medicine Ball Throw,1,2.974,2.89,170
Medicine Ball Throw,1,3.059,2.975,180
Medicine Ball Throw,1,3.145,3.06,190
Medicine Ball Throw,1,3.23,3.146,200
Medicine Ball Throw,1,3.315,3.231,210
Medicine Ball Throw,1,3.401,3.316,220
Medicine Ball Throw,1,3.486,3.402,230
Medicine Ball Throw,1,3.657,3.487,240
Medicine Ball Throw,1,3.754,3.658,250
Medicine Ball Throw,1,3.852,3.755,260
Medicine Ball Throw,1,3.949,3.853,270
Medicine Ball Throw,1,4.047,3.95,280
Medicine Ball Throw,1,4.144,4.048,290
Medicine Ball Throw,1,4.242,4.145,300
Medicine Ball Throw,1,4.339,4.243,310
Medicine Ball Throw,1,4.437,4.34,320
Medicine Ball Throw,1,4.534,4.438,330
Medicine Ball Throw,1,4.632,4.535,340
Medicine Ball Throw,1,4.729,4.633,350
Medicine Ball Throw,1,4.827,4.73,360
Medicine Ball Throw,1,4.925,4.828,370
Medicine Ball Throw,1,5.022,4.926,380
Medicine Ball Throw,1,5.12,5.023,390
Medicine Ball Throw,1,5.217,5.121,400
Medicine Ball Throw,1,5.315,5.218,410
Medicine Ball Throw,1,5.412,5.316,420
Medicine Ball Throw,1,5.51,5.413,430
Medicine Ball Throw,1,5.607,5.511,440
Medicine Ball Throw,1,5.705,5.608,450
Medicine Ball Throw,1,5.802,5.706,460
Medicine Ball Throw,1,5.9,5.803,470
Medicine Ball Throw,1,5.997,5.901,480
Medicine Ball Throw,1,6.095,5.998,490
Medicine Ball Throw,1,6.217,6.096,500
Medicine Ball Throw,1,6.339,6.218,510
Medicine Ball Throw,1,6.461,6.34,520
Medicine Ball Throw,1,6.583,6.462,530
Medicine Ball Throw,1,6.705,6.584,540
Medicine Ball Throw,1,6.827,6.706,550
Medicine Ball Throw,1,6.948,6.828,560
Medicine Ball Throw,1,7.07,6.949,570
Medicine Ball Throw,1,7.192,7.071,580
Medicine Ball Throw,1,7.314,7.193,590
Medicine Ball Throw,1,7.436,7.315,600
Medicine Ball Throw,1,7.558,7.437,610
Medicine Ball Throw,1,7.68,7.559,620
Medicine Ball Throw,1,7.802,7.681,630
Medicine Ball Throw,1,7.924,7.803,640
Medicine Ball Throw,1,8.046,7.925,650
Medicine Ball Throw,1,8.168,8.047,660
Medicine Ball Throw,1,8.29,8.169,670
Medicine Ball Throw,1,8.411,8.291,680
Medicine Ball Throw,1,8.533,8.412,690
Medicine Ball Throw,1,8.655,8.534,700
Medicine Ball Throw,1,8.777,8.656,710
Medicine Ball Throw,1,8.899,8.778,720
Medicine Ball Throw,1,9.021,8.9,730
Medicine Ball Throw,1,9.143,9.022,740
Medicine Ball Throw,1,9.346,9.144,750
Medicine Ball Throw,1,9.549,9.347,760
Medicine Ball Throw,1,9.753,9.55,770
Medicine Ball Throw,1,9.956,9.754,780
Medicine Ball Throw,1,10.159,9.957,790
Medicine Ball Throw,1,10.362,10.16,800
Medicine Ball Throw,1,10.565,10.363,810
Medicine Ball Throw,1,10.769,10.566,820
Medicine Ball Throw,1,10.972,10.77,830
Medicine Ball Throw,1,11.175,10.973,840
Medicine Ball Throw,1,11.378,11.176,850
Medicine Ball Throw,1,11.581,11.379,860
Medicine Ball Throw,1,11.785,11.582,870
Medicine Ball Throw,1,11.988,11.786,880
Medicine Ball Throw,1,12.191,11.989,890
Medicine Ball Throw,1,12.801,12.192,900
Medicine Ball Throw,1,13.41,12.802,910
Medicine Ball Throw,1,14.02,13.411,920
Medicine Ball Throw,1,14.629,14.021,930
Medicine Ball Throw,1,15.239,14.63,940
Medicine Ball Throw,1,16.458,15.24,950
Medicine Ball Throw,1,17.677,16.459,960
Medicine Ball Throw,1,18.897,17.678,970
Medicine Ball Throw,1,20.116,18.898,980
Medicine Ball Throw,1,21.335,20.117,990
Medicine Ball Throw,1,24.384,21.336,1000
Plank Hold Time,1,11.999,0,0
Plank Hold Time,1,12.75,12,10
Plank Hold Time,1,13.501,12.751,20
Plank Hold Time,1,14.252,13.502,30
Plank Hold Time,1,15.003,14.253,40
Plank Hold Time,1,15.754,15.004,50
Plank Hold Time,1,16.505,15.755,60
Plank Hold Time,1,17.256,16.506,70
Plank Hold Time,1,18.007,17.257,80
Plank Hold Time,1,18.758,18.008,90
Plank Hold Time,1,19.509,18.759,100
Plank Hold Time,1,20.26,19.51,110
Plank Hold Time,1,21.012,20.261,120
Plank Hold Time,1,21.763,21.013,130
Plank Hold Time,1,22.514,21.764,140
Plank Hold Time,1,23.265,22.515,150
Plank Hold Time,1,24.016,23.266,160
Plank Hold Time,1,24.767,24.017,170
Plank Hold Time,1,25.518,24.768,180
Plank Hold Time,1,26.269,25.519,190
Plank Hold Time,1,27.02,26.27,200
Plank Hold Time,1,27.771,27.021,210
Plank Hold Time,1,28.522,27.772,220
Plank Hold Time,1,29.273,28.523,230
Plank Hold Time,1,29.999,29.274,240
Plank Hold Time,1,32.4,30,250
Plank Hold Time,1,34.801,32.401,260
Plank Hold Time,1,37.202,34.802,270
Plank Hold Time,1,39.603,37.203,280
Plank Hold Time,1,42.004,39.604,290
Plank Hold Time,1,44.405,42.005,300
Plank Hold Time,1,46.806,44.406,310
Plank Hold Time,1,49.207,46.807,320
Plank Hold Time,1,51.608,49.208,330
Plank Hold Time,1,54.009,51.609,340
Plank Hold Time,1,56.41,54.01,350
Plank Hold Time,1,58.811,56.411,360
Plank Hold Time,1,61.213,58.812,370
Plank Hold Time,1,63.614,61.214,380
Plank Hold Time,1,66.015,63.615,390
Plank Hold Time,1,68.416,66.016,400
Plank Hold Time,1,70.817,68.417,410
Plank Hold Time,1,73.218,70.818,420
Plank Hold Time,1,75.619,73.219,430
Plank Hold Time,1,78.02,75.62,440
Plank Hold Time,1,80.421,78.021,450
Plank Hold Time,1,82.822,80.422,460
Plank Hold Time,1,85.223,82.823,470
Plank Hold Time,1,87.624,85.224,480
Plank Hold Time,1,89.999,87.625,490
Plank Hold Time,1,91.2,90,500
Plank Hold Time,1,92.401,91.201,510
Plank Hold Time,1,93.602,92.402,520
Plank Hold Time,1,94.803,93.603,530
Plank Hold Time,1,96.004,94.804,540
Plank Hold Time,1,97.205,96.005,550
Plank Hold Time,1,98.406,97.206,560
Plank Hold Time,1,99.607,98.407,570
Plank Hold Time,1,100.808,99.608,580
Plank Hold Time,1,102.009,100.809,590
Plank Hold Time,1,103.21,102.01,600
Plank Hold Time,1,104.411,103.211,610
Plank Hold Time,1,105.613,104.412,620
Plank Hold Time,1,106.814,105.614,630
Plank Hold Time,1,108.015,106.815,640
Plank Hold Time,1,109.216,108.016,650
Plank Hold Time,1,110.417,109.217,660
Plank Hold Time,1,111.618,110.418,670
Plank Hold Time,1,112.819,111.619,680
Plank Hold Time,1,114.02,112.82,690
Plank Hold Time,1,115.221,114.021,700
Plank Hold Time,1,116.422,115.222,710
Plank Hold Time,1,117.623,116.423,720
Plank Hold Time,1,118.824,117.624,730
Plank Hold Time,1,119.999,118.825,740
Plank Hold Time,1,128,120,750
Plank Hold Time,1,136.001,128.001,760
Plank Hold Time,1,144.002,136.002,770
Plank Hold Time,1,152.003,144.003,780
Plank Hold Time,1,160.004,152.004,790
Plank Hold Time,1,168.005,160.005,800
Plank Hold Time,1,176.006,168.006,810
Plank Hold Time,1,184.008,176.007,820
Plank Hold Time,1,192.009,184.009,830
Plank Hold Time,1,200.01,192.01,840
Plank Hold Time,1,208.011,200.011,850
Plank Hold Time,1,216.012,208.012,860
Plank Hold Time,1,224.013,216.013,870
Plank Hold Time,1,232.014,224.014,880
Plank Hold Time,1,239.999,232.015,890
Plank Hold Time,1,252,240,900
Plank Hold Time,1,264.001,252.001,910
Plank Hold Time,1,276.003,264.002,920
Plank Hold Time,1,288.004,276.004,930
Plank Hold Time,1,299.999,288.005,940
Plank Hold Time,1,340,300,950
Plank Hold Time,1,380.002,340.001,960
Plank Hold Time,1,420.003,380.003,970
Plank Hold Time,1,460.005,420.004,980
Plank Hold Time,1,499.999,460.006,990
Plank Hold Time,1,1200,500,1000
Push Ups - Max Reps,1,0,0,0
Push Ups - Max Reps,1,1,1,10
Push Ups - Max Reps,1,2,2,27
Push Ups - Max Reps,1,3,3,44
Push Ups - Max Reps,1,4,4,61
Push Ups - Max Reps,1,5,5,79
Push Ups - Max Reps,1,6,6,96
Push Ups - Max Reps,1,7,7,113
Push Ups - Max Reps,1,8,8,130
Push Ups - Max Reps,1,9,9,147
Push Ups - Max Reps,1,10,10,164
Push Ups - Max Reps,1,11,11,181
Push Ups - Max Reps,1,12,12,199
Push Ups - Max Reps,1,13,13,216
Push Ups - Max Reps,1,14,14,233
Push Ups - Max Reps,1,15,15,250
Push Ups - Max Reps,1,16,16,275
Push Ups - Max Reps,1,17,17,300
Push Ups - Max Reps,1,18,18,325
Push Ups - Max Reps,1,19,19,350
Push Ups - Max Reps,1,20,20,375
Push Ups - Max Reps,1,21,21,400
Push Ups - Max Reps,1,22,22,425
Push Ups - Max Reps,1,23,23,450
Push Ups - Max Reps,1,24,24,475
Push Ups - Max Reps,1,25,25,500
Push Ups - Max Reps,1,26,26,517
Push Ups - Max Reps,1,27,27,533
Push Ups - Max Reps,1,28,28,550
Push Ups - Max Reps,1,29,29,567
Push Ups - Max Reps,1,30,30,583
Push Ups - Max Reps,1,31,31,600
Push Ups - Max Reps,1,32,32,617
Push Ups - Max Reps,1,33,33,633
Push Ups - Max Reps,1,34,34,650
Push Ups - Max Reps,1,35,35,667
Push Ups - Max Reps,1,36,36,683
Push Ups - Max Reps,1,37,37,700
Push Ups - Max Reps,1,38,38,717
Push Ups - Max Reps,1,39,39,733
Push Ups - Max Reps,1,40,40,750
Push Ups - Max Reps,1,41,41,758
Push Ups - Max Reps,1,42,42,765
Push Ups - Max Reps,1,43,43,773
Push Ups - Max Reps,1,44,44,780
Push Ups - Max Reps,1,45,45,788
Push Ups - Max Reps,1,46,46,795
Push Ups - Max Reps,1,47,47,803
Push Ups - Max Reps,1,48,48,810
Push Ups - Max Reps,1,49,49,818
Push Ups - Max Reps,1,50,50,825
Push Ups - Max Reps,1,51,51,833
Push Ups - Max Reps,1,52,52,840
Push Ups - Max Reps,1,53,53,848
Push Ups - Max Reps,1,54,54,855
Push Ups - Max Reps,1,55,55,863
Push Ups - Max Reps,1,56,56,870
Push Ups - Max Reps,1,57,57,878
Push Ups - Max Reps,1,58,58,885
Push Ups - Max Reps,1,59,59,893
Push Ups - Max Reps,1,60,60,900
Push Ups - Max Reps,1,61,61,903
Push Ups - Max Reps,1,62,62,907
Push Ups - Max Reps,1,63,63,910
Push Ups - Max Reps,1,64,64,913
Push Ups - Max Reps,1,65,65,917
Push Ups - Max Reps,1,66,66,920
Push Ups - Max Reps,1,67,67,923
Push Ups - Max Reps,1,68,68,927
Push Ups - Max Reps,1,69,69,930
Push Ups - Max Reps,1,70,70,933
Push Ups - Max Reps,1,71,71,937
Push Ups - Max Reps,1,72,72,940
Push Ups - Max Reps,1,73,73,943
Push Ups - Max Reps,1,74,74,947
Push Ups - Max Reps,1,75,75,950
Push Ups - Max Reps,1,76,76,952
Push Ups - Max Reps,1,77,77,954
Push Ups - Max Reps,1,78,78,956
Push Ups - Max Reps,1,79,79,958
Push Ups - Max Reps,1,80,80,960
Push Ups - Max Reps,1,81,81,962
Push Ups - Max Reps,1,82,82,964
Push Ups - Max Reps,1,83,83,966
Push Ups - Max Reps,1,84,84,968
Push Ups - Max Reps,1,85,85,970
Push Ups - Max Reps,1,86,86,972
Push Ups - Max Reps,1,87,87,974
Push Ups - Max Reps,1,88,88,976
Push Ups - Max Reps,1,89,89,978
Push Ups - Max Reps,1,90,90,980
Push Ups - Max Reps,1,91,91,982
Push Ups - Max Reps,1,92,92,984
Push Ups - Max Reps,1,93,93,986
Push Ups - Max Reps,1,94,94,988
Push Ups - Max Reps,1,95,95,990
Push Ups - Max Reps,1,96,96,992
Push Ups - Max Reps,1,97,97,994
Push Ups - Max Reps,1,98,98,996
Push Ups - Max Reps,1,99,99,998
Push Ups - Max Reps,1,120,100,1000
Back Squat -  1 Rep Max,1,20.411,0,0
Back Squat -  1 Rep Max,1,21.5,20.412,10
Back Squat -  1 Rep Max,1,22.588,21.501,20
Back Squat -  1 Rep Max,1,23.677,22.589,30
Back Squat -  1 Rep Max,1,24.766,23.678,40
Back Squat -  1 Rep Max,1,25.854,24.767,50
Back Squat -  1 Rep Max,1,26.943,25.855,60
Back Squat -  1 Rep Max,1,28.031,26.944,70
Back Squat -  1 Rep Max,1,29.12,28.032,80
Back Squat -  1 Rep Max,1,30.209,29.121,90
Back Squat -  1 Rep Max,1,31.297,30.21,100
Back Squat -  1 Rep Max,1,32.386,31.298,110
Back Squat -  1 Rep Max,1,33.475,32.387,120
Back Squat -  1 Rep Max,1,34.563,33.476,130
Back Squat -  1 Rep Max,1,35.652,34.564,140
Back Squat -  1 Rep Max,1,36.741,35.653,150
Back Squat -  1 Rep Max,1,37.829,36.742,160
Back Squat -  1 Rep Max,1,38.918,37.83,170
Back Squat -  1 Rep Max,1,40.007,38.919,180
Back Squat -  1 Rep Max,1,41.095,40.008,190
Back Squat -  1 Rep Max,1,42.184,41.096,200
Back Squat -  1 Rep Max,1,43.272,42.185,210
Back Squat -  1 Rep Max,1,44.361,43.273,220
Back Squat -  1 Rep Max,1,45.45,44.362,230
Back Squat -  1 Rep Max,1,47.627,45.451,240
Back Squat -  1 Rep Max,1,48.534,47.628,250
Back Squat -  1 Rep Max,1,49.441,48.535,260
Back Squat -  1 Rep Max,1,50.349,49.442,270
Back Squat -  1 Rep Max,1,51.256,50.35,280
Back Squat -  1 Rep Max,1,52.163,51.257,290
Back Squat -  1 Rep Max,1,53.07,52.164,300
Back Squat -  1 Rep Max,1,53.977,53.071,310
Back Squat -  1 Rep Max,1,54.885,53.978,320
Back Squat -  1 Rep Max,1,55.792,54.886,330
Back Squat -  1 Rep Max,1,56.699,55.793,340
Back Squat -  1 Rep Max,1,57.606,56.7,350
Back Squat -  1 Rep Max,1,58.513,57.607,360
Back Squat -  1 Rep Max,1,59.421,58.514,370
Back Squat -  1 Rep Max,1,60.328,59.422,380
Back Squat -  1 Rep Max,1,61.235,60.329,390
Back Squat -  1 Rep Max,1,62.142,61.236,400
Back Squat -  1 Rep Max,1,63.049,62.143,410
Back Squat -  1 Rep Max,1,63.957,63.05,420
Back Squat -  1 Rep Max,1,64.864,63.958,430
Back Squat -  1 Rep Max,1,65.771,64.865,440
Back Squat -  1 Rep Max,1,66.678,65.772,450
Back Squat -  1 Rep Max,1,67.585,66.679,460
Back Squat -  1 Rep Max,1,68.493,67.586,470
Back Squat -  1 Rep Max,1,69.4,68.494,480
Back Squat -  1 Rep Max,1,70.307,69.401,490
Back Squat -  1 Rep Max,1,72.484,70.308,500
Back Squat -  1 Rep Max,1,74.662,72.485,510
Back Squat -  1 Rep Max,1,76.839,74.663,520
Back Squat -  1 Rep Max,1,79.016,76.84,530
Back Squat -  1 Rep Max,1,81.193,79.017,540
Back Squat -  1 Rep Max,1,83.371,81.194,550
Back Squat -  1 Rep Max,1,85.548,83.372,560
Back Squat -  1 Rep Max,1,87.725,85.549,570
Back Squat -  1 Rep Max,1,89.903,87.726,580
Back Squat -  1 Rep Max,1,92.08,89.904,590
Back Squat -  1 Rep Max,1,94.257,92.081,600
Back Squat -  1 Rep Max,1,96.434,94.258,610
Back Squat -  1 Rep Max,1,98.612,96.435,620
Back Squat -  1 Rep Max,1,100.789,98.613,630
Back Squat -  1 Rep Max,1,102.966,100.79,640
Back Squat -  1 Rep Max,1,105.143,102.967,650
Back Squat -  1 Rep Max,1,107.321,105.144,660
Back Squat -  1 Rep Max,1,109.498,107.322,670
Back Squat -  1 Rep Max,1,111.675,109.499,680
Back Squat -  1 Rep Max,1,113.853,111.676,690
Back Squat -  1 Rep Max,1,116.03,113.854,700
Back Squat -  1 Rep Max,1,118.207,116.031,710
Back Squat -  1 Rep Max,1,120.384,118.208,720
Back Squat -  1 Rep Max,1,122.562,120.385,730
Back Squat -  1 Rep Max,1,124.739,122.563,740
Back Squat -  1 Rep Max,1,127.461,124.74,750
Back Squat -  1 Rep Max,1,130.182,127.462,760
Back Squat -  1 Rep Max,1,132.904,130.183,770
Back Squat -  1 Rep Max,1,135.625,132.905,780
Back Squat -  1 Rep Max,1,138.347,135.626,790
Back Squat -  1 Rep Max,1,141.069,138.348,800
Back Squat -  1 Rep Max,1,143.79,141.07,810
Back Squat -  1 Rep Max,1,146.512,143.791,820
Back Squat -  1 Rep Max,1,149.233,146.513,830
Back Squat -  1 Rep Max,1,151.955,149.234,840
Back Squat -  1 Rep Max,1,154.677,151.956,850
Back Squat -  1 Rep Max,1,157.398,154.678,860
Back Squat -  1 Rep Max,1,160.12,157.399,870
Back Squat -  1 Rep Max,1,162.841,160.121,880
Back Squat -  1 Rep Max,1,165.563,162.842,890
Back Squat -  1 Rep Max,1,173.728,165.564,900
Back Squat -  1 Rep Max,1,181.893,173.729,910
Back Squat -  1 Rep Max,1,190.057,181.894,920
Back Squat -  1 Rep Max,1,198.222,190.058,930
Back Squat -  1 Rep Max,1,206.387,198.223,940
Back Squat -  1 Rep Max,1,219.088,206.388,950
Back Squat -  1 Rep Max,1,231.789,219.089,960
Back Squat -  1 Rep Max,1,244.489,231.79,970
Back Squat -  1 Rep Max,1,257.19,244.49,980
Back Squat -  1 Rep Max,1,269.891,257.191,990
Back Squat -  1 Rep Max,1,400,269.892,1000